section,depth,AC-dip,AC-dip-direction
10_1,7.932451297261803,[nan],[nan]
11_1,8.811269485976219,"[39.31835748371835, 34.21208547996713, 34.21208547996713, 33.664287975918015, 34.06070036320697, 29.214348916691595, 30.757410131218094, 31.725058724156344, 31.8493739962144, 32.72104369101354, 33.13689613002898, 33.1839799707571, 33.231237519061594, 34.06070036320697, 33.32627168579265, 43.479573873909324, 39.72982511440228, 39.72982511440228, 39.343900011518805, 39.62283968693864, 36.33956107058438, 37.3539659662731, 38.00524885334714, 38.08974168599335, 38.687325661507, 38.97553936345125, 39.008296833672745, 39.04120062409797, 39.62283968693864, 39.107446701711126, 41.19262731659852, 36.74615984871577, 36.74615984871577, 36.278821165405844, 36.616805638527765, 32.56513948732369, 33.83513637786116, 34.64151518506859, 34.74564131037329, 35.47901402050523, 35.83085063678892, 35.870764430647064, 35.91084128579785, 36.616805638527765, 35.9914829762989, 40.70727856179555, 36.09831131630115, 36.09831131630115, 35.611474574484895, 35.96361111086754, 31.722847817761405, 33.05697485634788, 33.90165293920626, 34.010595338797145, 34.777087003848955, 35.14432814676802, 35.185970204044814, 35.22777846978551, 35.96361111086754, 35.3118922256679, 40.33743330464486, 35.60084926433758, 35.60084926433758, 35.09855753919895, 35.46191478378141, 31.06974172405389, 32.45558909877691, 33.33096836727284, 33.44376200104844, 34.236680135898254, 34.61617993722149, 34.65919602951239, 34.702380573453425, 35.46191478378141, 34.78925345453003, 37.49764013982024, 31.656842663620303, 31.656842663620303, 31.015136527793782, 31.4798471399282, 25.650840622306077, 27.54566639950225, 28.713708019258, 28.862754676948285, 29.90181889204557, 30.394006327559552, 30.449596208391334, 30.50536369143502, 31.4798471399282, 30.617428370990112]","[-40.27572412948091, -51.14554712072726, -51.14554712072726, -52.65373385116565, -51.55308416550145, -71.23092363443948, -62.835797209823795, -58.920448233098206, -58.46395297889352, -55.49458377972546, -54.20035023028357, -54.0581509416221, -53.91627190061585, -51.55308416550145, -53.633473718769196, -48.780521064471856, -59.12135191594438, -59.12135191594438, -60.47174842259633, -59.488100485401915, -75.842471841256, -69.14811676353622, -65.89536168288969, -65.5097569264568, -62.96625901679407, -61.83754119040938, -61.71274923825477, -61.58808240615526, -59.488100485401915, -61.33912502722579, -44.44132460516215, -55.16039534113688, -55.16039534113688, -56.60270085174033, -55.55115212809107, -73.63689275390901, -66.08921162038807, -62.489936687742336, -62.06653664553149, -59.29199896353287, -58.07116847155828, -57.93659356752904, -57.80223385073242, -55.55115212809107, -57.534160538972934, -43.42365034909645, -54.19960467926366, -54.19960467926366, -55.660241979464494, -54.59508482807445, -73.07802031997811, -65.32550312959194, -61.64703814318627, -61.21520140757537, -58.390193832839444, -57.1498776811198, -57.013258994271666, -56.876879553795675, -54.59508482807445, -56.60483874263321, -42.62129060562207, -53.4331183098372, -53.4331183098372, -54.907234976247224, -53.83205012455532, -72.62483349855415, -64.70971880868113, -60.96960687890003, -60.53126424332857, -57.667677053568504, -56.412663300902544, -56.27451117451426, -56.136618019080444, -53.83205012455532, -55.8616087228959, -35.47043607101547, -46.228358236085946, -46.228358236085946, -47.77758466270498, -46.645588405451264, -67.99509552716896, -58.60701003524807, -54.366978900702215, -53.878720436711916, -50.734326672083576, -49.38103320389953, -49.2329840622109, -49.08539445320866, -46.645588405451264, -48.79158949466961]"
12_1,9.747861604127086,"[-3.4979969498611045, 28.19956458606848, 32.47679820062981, 31.083582240874712, 27.702622533776964, 21.451815384298687, 27.205780643700916, 35.36433715279326, 34.66716539190815, 29.591496561827945, 20.95683621238507, 24.425574951007075, 14.256027540215246, 19.670955422746673, 31.680607583330815, -18.70244748317578, 32.258391702827154, 35.69084572276584, 34.554706799707134, 31.87097851416841, 27.25029544154614, 31.48625758756138, 38.09466181392958, 37.50857056618122, 33.35682560772649, 26.90770198260541, 29.385543555920936, 22.725581665185803, 26.03669215963647, 35.03956054444674, -25.366468717560153, 35.493587106794344, 38.355218796524866, 37.398302104079725, 35.17636684225402, 31.497544045552235, 34.862592920443184, 40.40875457976899, 39.904606668606576, 36.39960943603475, 31.23328642636138, 33.17225938395677, 28.12106187397701, 30.56735193705471, 37.805547628078415]","[53.139688599686416, -5.233508783202771, -4.406898815627266, -4.6534368176581005, -5.344617760378561, -7.150003259055578, -5.459456800741004, -3.9514562253080494, -4.055279984188221, -4.94064448294208, -7.336563782993132, -6.182150508112297, -11.098218666897692, -7.8635094890891555, -4.545401955834545, 83.78171054745548, -32.22233429999784, -27.936906395144817, -29.252835750171435, -32.770852480263926, -40.799881458072136, -33.33097238404685, -25.422138493045807, -26.0048980681071, -30.745343700040742, -41.539029373082805, -36.698902675573486, -53.46661550905542, -43.541788726454534, -28.68013143971425, 85.56430825659645, -41.5179643979535, -36.68067930973387, -38.19217583337814, -42.119494647464194, -50.48400498826735, -42.729666261446766, -33.72767161806773, -34.41950822056006, -39.878439141830945, -51.21431819824349, -46.31283510980675, -62.19025959645247, -53.16151767913985, -37.53721150092021]"
13_1,10.610357749952119,"[35.20156512972596, 35.53740127669595, 35.06005244624855, 35.488944883295865, 35.10706098954114, 34.68988259554836, 34.68988259554836, 33.81145661737774, 34.87365128390354, 35.488944883295865, 34.781436236404886, 34.463913866715735, 34.33034838461652, 34.508772765804274, 35.44064775680015, 34.781436236404886, 34.24215159937972, 34.1983085283302, 35.78205834941263, 34.781436236404886, 33.98166327116097, 33.98166327116097, 33.041593535665044, 33.19828593726658, 33.31770777333457, 32.09561599723211, 32.129623038464615, 30.42516385892466, 36.63025575275308, 36.937845422377194, 36.50078604841204, 36.89343583608781, 36.543784756712874, 36.16251907095401, 36.16251907095401, 35.36218387161095, 36.33037682768207, 36.89343583608781, 36.24612780654188, 35.95631442244336, 35.83453560700341, 35.99723217020433, 36.84918182284615, 36.24612780654188, 35.75416481182647, 35.71422485775536, 37.16221660220091, 36.24612780654188, 35.516991802143146, 35.516991802143146, 34.663631234269744, 34.80558568213159, 34.913852734685555, 33.809147967807746, 33.839789289898235, 32.311461722687724, 36.63025575275308, 36.937845422377194, 36.50078604841204, 36.89343583608781, 36.543784756712874, 36.16251907095401, 36.16251907095401, 35.36218387161095, 36.33037682768207, 36.89343583608781, 36.24612780654188, 35.95631442244336, 35.83453560700341, 35.99723217020433, 36.84918182284615, 36.24612780654188, 35.75416481182647, 35.71422485775536, 37.16221660220091, 36.24612780654188, 35.516991802143146, 35.516991802143146, 34.663631234269744, 34.80558568213159, 34.913852734685555, 33.809147967807746, 33.839789289898235, 32.311461722687724, 35.342332090917886, 35.67528960156839, 35.202048046961515, 35.62724535786446, 35.248647413685035, 34.83513682729434, 34.83513682729434, 33.964711260706515, 35.0172796341081, 35.62724535786446, 34.925878431031556, 34.61118968195995, 34.478830849367895, 34.65564528318243, 35.579360093413335, 34.925878431031556, 34.391435675109705, 34.347992527071504, 35.917881975761645, 34.925878431031556, 34.13333757601873, 34.13333757601873, 33.20218451176396, 33.35735825379187, 33.475631504303244, 32.265663974938526, 32.29932223032788, 30.613211158617766, 36.63025575275308, 36.937845422377194, 36.50078604841204, 36.89343583608781, 36.543784756712874, 36.16251907095401, 36.16251907095401, 35.36218387161095, 36.33037682768207, 36.89343583608781, 36.24612780654188, 35.95631442244336, 35.83453560700341, 35.99723217020433, 36.84918182284615, 36.24612780654188, 35.75416481182647, 35.71422485775536, 37.16221660220091, 36.24612780654188, 35.516991802143146, 35.516991802143146, 34.663631234269744, 34.80558568213159, 34.913852734685555, 33.809147967807746, 33.839789289898235, 32.311461722687724, 34.02492363748749, 34.385686456341446, 33.87275899351305, 34.3336637676768, 33.92331584759526, 33.47429978995733, 33.47429978995733, 32.52618067657237, 33.67219026314172, 34.3336637676768, 33.57290820425914, 33.23075296782031, 33.08668508555013, 33.27912035249116, 34.281801973494424, 33.57290820425914, 32.991506964422285, 32.944179622857845, 34.648196265584474, 33.57290820425914, 32.710181292797365, 32.710181292797365, 31.692101612697293, 31.862111808661425, 31.99159744634311, 30.662892055419434, 30.699978132330784, 28.832524904901156]","[-53.00850154445012, -52.07980392344718, -53.410583326293235, -52.21166317285723, -53.27628425563744, -54.49478169142079, -54.49478169142079, -57.281788510964184, -53.950501547471546, -52.21166317285723, -54.222095868760945, -55.18127680693921, -55.596454907234765, -55.04343110503025, -52.343792665271984, -54.222095868760945, -55.87460817222501, -56.014095225728134, -51.424552790586446, -54.222095868760945, -56.71563446942288, -56.71563446942288, -60.03054966835855, -59.443723137033246, -59.00644296216998, -63.948871636065725, -63.79489047692439, -73.62710572161173, -55.18519527070942, -54.27830656085865, -55.57714917721947, -54.407204754870165, -55.44627871609931, -56.631998926162524, -56.631998926162524, -59.33023967525701, -56.10282211888395, -54.407204754870165, -56.366972743976454, -57.29839108358418, -57.700846615562014, -57.164675664892734, -54.536322016454456, -56.366972743976454, -57.970240132019164, -58.1052634297221, -53.637100031800166, -56.366972743976454, -58.78363903619497, -58.78363903619497, -61.973452494653046, -61.41060716102605, -60.990692560401264, -65.71258982550579, -65.56625138684394, -74.82568428943819, -55.18519527070942, -54.27830656085865, -55.57714917721947, -54.407204754870165, -55.44627871609931, -56.631998926162524, -56.631998926162524, -59.33023967525701, -56.10282211888395, -54.407204754870165, -56.366972743976454, -57.29839108358418, -57.700846615562014, -57.164675664892734, -54.536322016454456, -56.366972743976454, -57.970240132019164, -58.1052634297221, -53.637100031800166, -56.366972743976454, -58.78363903619497, -58.78363903619497, -61.973452494653046, -61.41060716102605, -60.990692560401264, -65.71258982550579, -65.56625138684394, -74.82568428943819, -53.232517136822885, -52.30581490068383, -53.63366210362614, -52.437405214049804, -53.499680817680996, -54.715116729901, -54.715116729901, -57.49363922165512, -54.1722535235714, -52.437405214049804, -54.44315073180559, -55.39971178345941, -55.81368008545568, -55.2622576650723, -52.569260436885536, -54.44315073180559, -56.0909974075228, -56.2300576061004, -51.65182928332077, -54.44315073180559, -56.92937296018605, -56.92937296018605, -60.23207963039928, -59.64761467793132, -59.21203901691391, -64.13253123379984, -63.97931901936018, -73.7528838083989, -55.18519527070942, -54.27830656085865, -55.57714917721947, -54.407204754870165, -55.44627871609931, -56.631998926162524, -56.631998926162524, -59.33023967525701, -56.10282211888395, -54.407204754870165, -56.366972743976454, -57.29839108358418, -57.700846615562014, -57.164675664892734, -54.536322016454456, -56.366972743976454, -57.970240132019164, -58.1052634297221, -53.637100031800166, -56.366972743976454, -58.78363903619497, -58.78363903619497, -61.973452494653046, -61.41060716102605, -60.990692560401264, -65.71258982550579, -65.56625138684394, -74.82568428943819, -51.044274218039256, -50.10055494089828, -51.453517518727786, -50.23441758539606, -51.31678230906837, -52.55899903608375, -52.55899903608375, -55.413784625197984, -52.003675504407155, -50.23441758539606, -52.28069013289397, -53.260451050531834, -53.685228923712494, -53.11951029399809, -50.36859758611297, -52.28069013289397, -53.970046415918645, -54.11294554989692, -49.43598496126579, -52.28069013289397, -54.832353393942995, -54.832353393942995, -58.24742945271864, -57.641007634203326, -57.18964182261302, -62.31637983754773, -62.15584720215917, -72.49867368831526]"
14_1,11.566161592553646,"[40.52755030490565, 39.81459678894556, 36.94511956714606, 34.3001144134009, 33.41655239936388, 32.73487407220235, 31.494906389627317, 30.39682173506897, 29.701261748794636, 28.336136490131192, 28.886430674292804, 29.093434361683844, 29.523428283229112, 28.968582936862898, 26.627329760880716, 42.141518644825915, 41.501717408673585, 38.95245232369725, 36.642941707761175, 35.88102219163208, 35.29671597440663, 34.24215159937972, 33.31770777333457, 32.73700993579036, 31.609030276862846, 32.06180296829786, 32.23280395020407, 32.58917419957229, 32.129623038464615, 30.22076146531467, 42.096480815168036, 41.45472391216326, 38.896985263010926, 36.578753453836036, 35.813712929238946, 35.226924612471954, 34.16767479546918, 33.23889226318267, 32.65535134334799, 31.521571505434167, 31.97671789774009, 32.148599279781905, 32.5067766894242, 32.04488818092924, 30.125617072110256, 41.91770329033061, 41.26813616295636, 38.67651047647832, 36.323318695530695, 35.54574584778028, 34.94898238538305, 33.87088184963889, 32.92461869980336, 32.32960960419828, 31.17239936275058, 31.637140195135405, 31.81257813274347, 32.17805259125733, 31.706725363755094, 29.74532418185855, 41.74112929593406, 41.08377361168195, 38.458280100648864, 36.07001499895284, 35.2798345402908, 34.673022423176505, 33.575898419109755, 32.61195359515163, 32.005322316324296, 30.82431047125448, 31.29880709596088, 31.477858081403628, 31.8507399576885, 31.369829837347943, 29.365498285912956, 40.76896153077503, 40.06736198482744, 37.248032447426006, 34.65639580333904, 33.79240719856625, 33.12648685184443, 31.91675280587568, 30.84726821497216, 30.170785054856655, 28.845464567733856, 29.379319886468263, 29.58027965205727, 29.997955109146748, 29.45906455141799, 27.191415639511572]","[-34.08562445147297, -35.0827945071876, -39.57457889101893, -44.61667387365128, -46.56598417199436, -48.18551045389497, -51.444829190619906, -54.760131030284846, -57.134133917139685, -62.68273602356732, -60.2743831925302, -59.43360240296159, -57.78287675910883, -59.93684134034953, -72.87043391402038, -38.51342989798744, -39.5573078452267, -44.18766017313426, -49.24672058649358, -51.16433521397409, -52.74180485811058, -55.87460817222501, -59.00644296216998, -61.21711238871891, -66.28904676006033, -64.10310987834397, -63.33449583635214, -61.8168027808483, -63.79489047692439, -75.31490956433174, -38.3994364610488, -39.44242501897774, -44.070681077381934, -49.130936260707664, -51.04995131515421, -52.628957885472964, -55.765823929789065, -58.90302213984435, -61.11822733451323, -66.20274956944044, -64.01103023327848, -63.240509160447935, -61.71925117331057, -63.702038031620745, -75.2574083209981, -37.94209732530193, -38.981349767485995, -43.60042070837962, -48.66463682282347, -50.58897970563272, -52.173929700903834, -55.326708729671644, -58.48512882003658, -60.71838590280351, -65.85329911212294, -63.63838919946391, -62.86023451561139, -61.324729808154224, -63.32630261197277, -75.02409111886146, -37.48257219118648, -38.517800481820196, -43.12638945093193, -48.193228082445025, -50.122447173813114, -51.71300213426924, -54.88112979179582, -58.06037811893182, -60.31152681426589, -65.4968708203835, -63.25868123365672, -62.47288777004679, -60.92316528931011, -62.943496568776844, -74.78532378021669, -34.797858473035305, -35.80421010505246, -40.32625466342197, -45.38018030289233, -47.327728124704436, -48.943114681892695, -52.186827138544956, -55.476505228817615, -57.82632461243664, -63.300550274909966, -60.92744152154575, -60.09791289621431, -58.46763786657347, -60.59448376216367, -73.2955372541185]"
15_1,12.662183430388795,"[20.85392615409134, 19.987590504208796, 18.83688053740468, 19.699414417593154, 19.50747552751612, 19.028283568560894, 18.932561922552313, 19.411561171408632, 18.741240013005417, 18.932561922552313, 21.33630844901341, 20.85392615409134, 21.33630844901341, 23.17549328112858, 23.078474301486573, 21.620666745561458, 20.79814873043298, 19.710818913668337, 20.525262056161694, 20.343716316843526, 19.89123565065879, 19.800985085905197, 20.253060001811374, 19.620738259163453, 19.800985085905197, 22.079952934822984, 21.620666745561458, 22.079952934822984, 23.838582268311928, 23.74554087826255, 21.85071717655335, 21.040763933422014, 19.97145459231365, 20.772241369181486, 20.593656095487162, 20.148761103125697, 20.06006012145433, 20.504495626395258, 19.882945747470874, 20.06006012145433, 22.303346998339116, 21.85071717655335, 22.303346998339116, 24.038588084612776, 23.94670757775891, 22.321335653426306, 21.53630733030571, 20.502551660333257, 21.276416319727947, 21.10367872510307, 20.673738610431815, 20.588087419001265, 21.017470553197445, 20.41713272887629, 20.588087419001265, 22.760717980637466, 22.321335653426306, 22.760717980637466, 24.449186410718294, 24.359635463937455, 22.13380386606199, 21.338965846746582, 20.291247596882915, 21.075681726060793, 20.900646578692495, 20.46483518847419, 20.377987456315275, 20.813278822020738, 20.204616947859673, 20.377987456315275, 22.578406798545466, 22.13380386606199, 22.578406798545466, 24.285343138365736, 24.19487111600574, 21.18555743122997, 20.3385523408902, 19.21590809881983, 20.057135016647706, 19.869794630957408, 19.402436990004958, 19.309142129285952, 19.776208020973137, 19.122735762068253, 19.309142129285952, 21.657773304837285, 21.18555743122997, 21.657773304837285, 23.461614168495036, 23.36633635947702]","[-13.821649040026273, -14.48985843456352, -15.472075453969968, -14.725075218694949, -14.885586577397039, -15.300452063211885, -15.38584626244239, -14.966984429132083, -15.559152081609158, -15.38584626244239, -13.472866884771717, -13.821649040026273, -13.472866884771717, -12.273977916383071, -12.332557639611842, -21.043923295681797, -22.005731808450346, -23.406435889102926, -22.342600804505608, -22.571964536820257, -23.162834255045887, -23.284103707427086, -22.688117925117798, -23.529844456200706, -23.284103707427086, -20.5391089634827, -21.043923295681797, -20.5391089634827, -18.789818349661598, -18.875785190539755, -22.709353407214614, -23.73036996852902, -25.213483386976982, -24.0874773354406, -24.330470206608794, -24.95588186057887, -25.08413842559687, -24.453478757069217, -25.343930120906354, -25.08413842559687, -22.17263542574994, -22.709353407214614, -22.17263542574994, -20.30854889510796, -20.40030691508869, -25.712685062845335, -26.83117154372723, -28.447804671178492, -27.22131061876006, -27.486461927150685, -28.167709507944085, -28.307202377329105, -27.620588884208367, -28.589528830754194, -28.307202377329105, -25.1229599459328, -25.712685062845335, -25.1229599459328, -23.065595556901712, -23.167193299083085, -24.571663207365944, -25.65457890447961, -27.22283658883285, -26.032710238262418, -26.289820688955032, -26.95085981595571, -27.086295605556813, -26.419917429071916, -27.360495621319675, -27.086295605556813, -24.001362970281672, -24.571663207365944, -24.001362970281672, -22.01524784343704, -22.113203641597117, -17.36907811749716, -18.188411656381046, -19.387763511274418, -18.476178045141776, -18.672351854227394, -19.178640617356987, -19.28271701121709, -18.771773043216072, -19.493793677533535, -19.28271701121709, -16.94035783984913, -17.36907811749716, -16.94035783984913, -15.461401128371115, -15.533850099475002]"
16_1,13.534969950882315,"[34.88961394367814, 36.8147673226912, 35.72173807209569, 31.725058724156344, 36.984008307306176, 25.968605361623435, 31.566591347716003, 29.774649606583523, 29.928137579762932, 28.192543639037403, 26.247224759998684, 29.774649606583523, 28.564147970661544, 27.971191441017027, 19.569784344031103, 35.131293165749824, 37.02941103735507, 35.95139181740703, 32.01777915854002, 37.19640420615028, 26.382111845131323, 31.862111808661425, 30.103677936607905, 30.25415641983262, 28.554266824042, 26.6538277093991, 30.103677936607905, 28.91790648020471, 28.3377467383425, 20.187019484743857, 37.179898690360254, 38.86092953885171, 37.90381713595283, 34.46765146910899, 39.00973530031749, 29.734026914320097, 34.3336637676768, 32.83190650608385, 32.95954232554366, 31.527926011659524, 29.956070151408834, 32.83190650608385, 31.8322414025477, 31.347250357886598, 24.89630218806059, 35.16649865849622, 37.06070425094224, 35.98485800221614, 32.06035032971882, 37.22737182139036, 26.44199073574137, 31.905086229040375, 30.151471007922627, 30.30151724943381, 28.60674850449848, 26.712722580991326, 30.151471007922627, 28.96924722910387, 28.390920213330514, 20.275589130516295, 39.49385306534227, 40.953741405604035, 40.12046477569412, 37.1760016626369, 41.08377361168195, 33.25987197537815, 37.06278798954683, 35.802791308644444, 35.90922623784624, 34.7227091518536, 33.43941212671809, 35.802791308644444, 34.973558744109546, 34.57413575511279, 29.47021995467442, 38.650969124218314, 40.188622506198854, 39.31172392775804, 36.19597429916343, 40.32528428953004, 32.00238374787475, 36.075593587961706, 34.73262174256827, 34.846300811273316, 33.57642414862168, 32.19610838546083, 34.73262174256827, 33.8453845333249, 33.41699649395668, 27.872237282076288]","[-27.235843747534272, -25.237729982894916, -26.345047810640175, -31.07955176690178, -25.072204221521805, -40.93833780668552, -31.294308256823406, -33.90539393292307, -33.66750645311238, -36.53979341438529, -40.333257944965666, -33.90539393292307, -35.88907977262173, -36.93761688860399, -63.86375728701565, -28.21439263254739, -26.166291942394228, -27.301907210957637, -32.14021526597893, -25.996411237293888, -42.11773622001691, -32.358992365796645, -35.01398389902012, -34.77248169743012, -37.68314194164031, -41.509349462780605, -35.01398389902012, -37.024748599758354, -38.08536515765167, -64.79155120781985, -35.16968222311291, -32.83345481605917, -34.134107882402084, -39.52741132132884, -32.63776203063705, -49.897433784118554, -39.76558241460392, -42.61674436713037, -42.360380396335835, -45.410858649845004, -49.29312294328449, -42.61674436713037, -44.72829929883652, -45.82572035538288, -70.2806108315578, -28.353385042932423, -26.29836243438228, -27.43790183699328, -32.290454085769, -26.12787661267831, -42.28349185787343, -32.509776431016356, -35.17067261109803, -34.92868841162278, -37.84440711270115, -41.67472254426172, -35.17067261109803, -37.18501387703517, -38.24719920804221, -64.91967391487943, -41.208564573800615, -38.727598171279155, -40.114215804145196, -45.72030510839096, -38.517800481820196, -55.87687259274363, -45.962591684088835, -48.829099233129355, -48.573892167517016, -51.57883527217115, -55.30606764578187, -48.829099233129355, -50.9124315649111, -51.98222462994831, -73.91171809164176, -39.169756781262166, -36.72600361905689, -38.089993722115615, -43.65251932547745, -36.52002905733709, -53.931365362013985, -43.894688377285796, -46.771063644892365, -46.514134310470766, -49.54982645716405, -53.34682135014985, -46.771063644892365, -48.874630349912756, -49.959083147507044, -72.77619612889167]"
18_1,15.318903483120549,"[24.42246903771868, 24.42246903771868, 22.848169610764153, 22.668660233935242, 25.840866989785884, 22.609304411528406, 22.029427242053064, 23.337128720831895, 21.972848310425963, 20.502961130429867, 24.486314041304677, 24.486314041304677, 22.918633093734957, 22.739930147327488, 25.89936659962368, 22.680843481808825, 22.103663650282076, 23.40545167343593, 22.047354683312815, 20.584944719293436, 25.467480542391716, 25.467480542391716, 23.997272912223757, 23.830376343795887, 26.801090360699625, 23.775226730470997, 23.237404387507528, 24.452678364800985, 23.18502468841139, 21.83070947799041, 25.400747326575406, 25.400747326575406, 23.92415167434093, 23.75648529679237, 26.739604320284446, 23.701079171058463, 23.160697972725035, 24.381609561731786, 23.108063356645875, 21.746775713019154, 25.73621821476546, 25.73621821476546, 24.291397617272672, 24.127555103313284, 27.048919067916795, 24.073422888543735, 23.545742455877342, 24.738654814462553, 23.4943723827663, 22.16761938599818, 26.838661560695282, 26.838661560695282, 25.492650228812835, 25.34061652142358, 28.06914513559332, 25.29041438530596, 24.801806152049803, 25.908318477840613, 24.754315212304363, 23.532707379748924]","[-44.31289848324813, -44.31289848324813, -48.838820334077, -49.42034297960115, -40.920080286680836, -49.61608847408304, -51.62683256661304, -47.32932968199767, -51.833310094992925, -58.027924052542474, -44.48591363762486, -44.48591363762486, -49.01025221852319, -49.59126009866343, -41.09145416810523, -49.786816486828016, -51.79515910930307, -47.50176805643358, -52.001342962060946, -58.18318260975272, -46.98384796139955, -46.98384796139955, -51.46731952221758, -52.038686052809986, -43.57940363472945, -52.23077634033784, -54.1971529946581, -49.979242416470875, -54.398378226832875, -60.377705555832264, -46.82285598486866, -46.82285598486866, -51.30996701660902, -51.88207699874706, -43.41827714068801, -52.07443126595609, -54.04391312265353, -49.82024862606291, -54.24549720357601, -60.23885037324052, -47.620157951051915, -47.620157951051915, -52.087906597977444, -52.65617439965264, -44.21730159561076, -52.84716813542896, -54.80074989773276, -50.606747037241526, -55.000505956951415, -60.92315832650991, -50.04732772564884, -50.04732772564884, -54.43578709927707, -54.98995230567342, -46.66609031152245, -55.17600736650231, -57.07341069845943, -52.98717823845357, -57.266848529480434, -62.956223717828436]"
19_1,16.133482785711973,"[23.54844219821764, 23.44340598047649, 23.707902065878507, 23.76155720958079, 23.236439623806067, 23.601342992887187, 23.869610927290314, 24.03352694142535, 24.03352694142535, 23.033700582242083, 28.69512432369663, 28.61862796466441, 28.81154421969092, 28.85079467867403, 28.46834221454756, 28.733708308354064, 28.929956933720124, 29.05034265206259, 29.05034265206259, 28.321704795391927, 30.4743873778409, 30.405711999139488, 30.578967421983734, 30.614243141363424, 30.27088773993292, 30.509039000823204, 30.685414896267964, 30.793715198888595, 30.793715198888595, 30.13946064833836, 30.55999806148925, 30.49167802974699, 30.66403975029632, 30.699134628594187, 30.35755562745406, 30.59447093566824, 30.7699426672104, 30.87769243412075, 30.87769243412075, 30.226818162087927, 32.28748153642894, 32.225960812333575, 32.38121564482583, 32.412846298181876, 32.10525782339524, 32.31853288284287, 32.47668423844524, 32.57387697798511, 32.57387697798511, 31.987692806571225, 32.89854897746472, 32.83927491092423, 32.98887456188113, 33.01935894586898, 32.72300194028088, 32.92846924207977, 33.080889478410406, 33.17458461654575, 33.17458461654575, 32.60978012601409, 32.811060558685426, 32.75146961328136, 32.90186697426221, 32.93251308023825, 32.6345719316432, 32.84114037159382, 32.99436918638709, 33.08855791454365, 33.08855791454365, 32.520737802864566, 31.506613587311858, 31.442104473012485, 31.604879530198865, 31.638033673320926, 31.315505797372076, 31.539169042393564, 31.704937528592428, 31.806775525867334, 31.806775525867334, 31.192156618779663, 31.766286649678978, 31.702786374371158, 31.8630229686949, 31.895662960727826, 31.578178402450344, 31.79833439026929, 31.961532230401843, 32.06180296829786, 32.06180296829786, 31.45678279121691, 28.11049929568269, 28.03123769327606, 28.23110108813328, 28.271754292682704, 27.875478587600842, 28.150472782271812, 28.3537347702361, 28.47837856471642, 28.47837856471642, 27.723448007121306]","[-53.904239714071466, -54.30113321051679, -53.31502202173968, -53.120242271926976, -55.104770123985304, -53.70701906954736, -52.73311156878361, -52.15845977405656, -52.15845977405656, -55.9216098521807, -62.02606493505129, -62.37081596547143, -61.51189671131966, -61.341298839509605, -63.065025073483405, -61.85428040173478, -61.00129405912973, -60.49427257003592, -60.49427257003592, -63.76546658270074, -64.12993697135576, -64.45652306896862, -63.64233676217876, -63.48041416827769, -65.1133120262045, -63.967098922746246, -63.15748960837341, -62.675414748766634, -62.675414748766634, -65.77487624935573, -64.22463847896597, -64.55036529476426, -63.738298347531774, -63.576788093843966, -65.20538950944115, -64.06222430093801, -63.254676699105, -62.77379284286836, -62.77379284286836, -65.86512743710091, -66.02456468047487, -66.33330319294005, -65.56318884129998, -65.40986177560204, -66.95352285165937, -65.87054104232455, -65.10390936101709, -64.64674559165812, -64.64674559165812, -67.57735495757149, -66.61504141503495, -66.91794186368139, -66.1622654738777, -66.01176303265639, -67.5262348261453, -66.46390539267883, -65.71139674098652, -65.26245411040941, -65.26245411040941, -68.13780783958173, -66.53186228209125, -66.8355928537444, -66.07786290990525, -65.92695847351827, -67.44558071929917, -66.38031554519856, -65.62579693299791, -65.17568332227016, -65.17568332227016, -68.05889458559511, -65.23611767137454, -65.55244965779728, -64.7635714744499, -64.6065796535858, -66.18820718553624, -65.0783412476373, -64.29338585156003, -63.82558042269549, -63.82558042269549, -66.82804338182981, -65.50271015292655, -65.8165007527789, -65.03390043808419, -64.8781339348624, -66.44705477849035, -65.34618930777987, -64.56736048783175, -64.10310987834397, -64.10310987834397, -67.08152698537668, -61.27214157926263, -61.62296009682997, -60.74913263692884, -60.57565701245309, -62.32972357284384, -61.097375481669225, -60.22999994766159, -59.714756716808935, -59.714756716808935, -63.04328190356511]"
1_1,0.37576613433924566,"[33.080518510665264, 41.97438080075103, 30.70481713395268, 28.721332310760296, 34.55705454815448, 31.980159108147884, 29.79991358180567, 30.523416441953167, 22.2216732916913, 25.021479120766948, 25.28126009286242, 29.16972902796401, 29.619579313279882, 29.529495747417762, 28.274449478186998, 12.392385022525646, 20.667790036282813, 28.721332310760296, 29.16972902796401, 29.16972902796401, 33.44868254114599, 26.85536968015607, 39.98483726101064, 33.63301242403979, 30.614091137319498, 34.37193399845947, 28.990192615540145, 35.20616148921244, 30.07082632075647, 35.29903839591885, 18.48129274976505, 21.973135469371087, 29.529495747417762, 18.25585143845477, 29.529495747417762, 31.43242649936207, 40.106788355064815, 46.29135602114584, 38.61141416082842, 37.41951150730085, 41.07153229140021, 39.405254043538335, 38.06106581374298, 38.50021883406086, 33.91346122412541, 35.34451599383758, 35.4835767130303, 37.684291796592355, 37.95269771732132, 37.89872851233675, 37.15839961250244, 30.00189416338444, 33.17513536528013, 37.41951150730085, 37.684291796592355, 37.684291796592355, 40.34486511058122, 36.348003352921445, 44.83340719045496, 40.464686478740276, 38.55574662999952, 40.94913874222755, 37.57794222562195, 41.50389410170832, 38.22468719152464, 41.56616242216727, 32.2082067715756, 33.7926081511116, 37.89872851233675, 32.11348029625482, 37.89872851233675, 39.06174657951516, 44.3792976832559, 49.20401147704777, 43.26633186939276, 42.39534990765169, 45.10889650307623, 43.85441156989123, 42.86235585667673, 43.184462577566556, 39.92104313396001, 40.914667777983446, 41.01244300058207, 42.587575609272776, 42.783173721184845, 42.743784603113205, 42.20650285718374, 37.328614047631, 39.41756394024926, 42.39534990765169, 42.587575609272776, 42.587575609272776, 44.55851548409099, 41.62497077622596, 48.036089471400786, 44.64892073618348, 43.22533016489059, 45.015842573234345, 42.51028029150829, 45.438746524736246, 42.982138075215786, 45.486395804387215, 38.767927007235905, 39.83819755921266, 42.743784603113205, 38.7048888442289, 42.743784603113205, 43.59916803048654, 39.27952960957577, 45.75174699836868, 37.69873314444305, 36.43345797180224, 40.29576468687336, 38.53879996378663, 37.11511544252106, 37.58089815348587, 32.68006754789235, 34.21823319821323, 34.36722698905483, 36.714965457002464, 37.000074594757606, 36.94276705710471, 36.15560328750114, 28.42228120250936, 31.88276517057249, 36.43345797180224, 36.714965457002464, 36.714965457002464, 39.53056752825278, 35.29162850224568, 44.23443875613896, 39.65684827947414, 37.63974675868593, 40.16698835520008, 36.60192742229905, 40.75033538358422, 37.28873522010787, 40.81575924914764, 30.834418476785675, 32.549741512974585, 36.94276705710471, 30.73144677485279, 36.94276705710471, 38.17553914797804, 35.67411494740217, 43.4963238021218, 33.668309892289635, 32.027637809342544, 36.94077235854704, 34.7399062841614, 32.91571716877534, 33.51691209245954, 26.92463008690641, 29.064785358395017, 29.268163713652346, 32.395617200231165, 32.76654087035343, 32.69212438026723, 31.662683745443072, 20.467762763562213, 25.78257630052269, 32.027637809342544, 32.395617200231165, 32.395617200231165, 35.988581903063135, 30.516163300858743, 41.709682244264215, 36.14637340915934, 33.59255689653767, 36.781178312574006, 32.24806766163552, 37.50209115702291, 33.140330841049106, 37.582622195882145, 24.240600080942095, 26.739604320284446, 32.69212438026723, 24.086394814686763, 32.69212438026723, 34.278162501760114, 35.90593818113364, 43.63652751175136, 33.93033216312155, 32.31694465317077, 37.15512409734985, 34.98538955191328, 33.18994729918064, 33.78134978159369, 27.317488473472483, 29.410318281851254, 29.609515638804794, 32.678585992285164, 33.04325163095326, 32.97008030661722, 31.95840774212875, 21.05361874415938, 26.20346382823522, 32.31694465317077, 32.678585992285164, 32.678585992285164, 36.21595786271722, 30.8329399316549, 41.86768165431404, 36.371545604620835, 33.85578523627305, 36.99766773296097, 32.53356211989331, 37.70906466895352, 33.41086435789566, 37.78855480925428, 24.70292150822146, 27.136862799108634, 32.97008030661722, 24.55311011096572, 32.97008030661722, 34.53065467263008, 38.29688242630311, 45.12135805545689, 36.609134988768595, 35.251060402197986, 39.377044817895104, 37.507220828738326, 35.98354908084816, 36.48293862472869, 31.177840552576644, 32.85590370429669, 33.01775961116667, 35.55380241836454, 35.860068987212834, 35.79853659282243, 34.95190402111781, 26.450831549342617, 30.30252655967419, 35.251060402197986, 35.55380241836454, 35.55380241836454, 38.56404945102723, 34.01943670196154, 43.53230068894191, 38.69835888197936, 36.54597003536652, 39.240365644933334, 35.43227927725558, 39.85906666485534, 36.16980046302577, 39.9283850601988, 29.145260901049046, 31.035032540944506, 35.79853659282243, 29.031176716087007, 35.79853659282243, 37.119209154128264, 33.103889967632306, 41.98770729097707, 30.73180800442332, 28.75176008717496, 34.57840985589049, 32.00514552231385, 29.82842114355998, 30.55070481326813, 22.26712648116309, 25.059607536539186, 25.31878249294723, 29.199342984430455, 29.648399141864328, 29.558472854108114, 28.305711362901032, 12.486195701294688, 20.71806550514766, 28.75176008717496, 29.199342984430455, 29.199342984430455, 33.47153569033115, 26.88944438885397, 40.000020552469934, 33.65561005047057, 30.641230399705236, 34.39353314625296, 29.020129704032026, 35.2266810320674, 30.098871138797435, 35.319440750068914, 18.53957497530652, 22.019318900657815, 29.558472854108114, 18.31505731501782, 29.558472854108114, 31.45825555794487, 32.450636899817546, 41.61792534450331, 29.97521653457353, 27.89634596395708, 33.98242343692019, 31.30587125630832, 29.028307594007174, 29.785587034653005, 20.969673117653137, 23.9799118567616, 24.256896436568752, 28.367394111452217, 28.839308011277662, 28.74485778598151, 27.426203170249106, 9.543436144277452, 19.274403235981044, 27.89634596395708, 28.367394111452217, 28.367394111452217, 32.83302405517829, 25.92834247954688, 39.57816830767787, 33.024360845832625, 29.880386687803774, 33.79063138341461, 28.1788688029343, 34.6543753609144, 29.31205057463879, 34.750452877626905, 16.847124158209304, 20.699881445770423, 28.74485778598151, 16.593358165816845, 28.74485778598151, 30.734913155763238, 31.986454654008483, 41.35860032329573, 29.434761602424704, 27.281997847747483, 33.56011189876041, 30.807839801580556, 28.455431153571265, 29.238795021164474, 20.01007308413688, 23.193775720451644, 23.484634134476117, 27.770682155759594, 28.259720413416094, 28.161885240296296, 26.793684886147815, 6.747598978107351, 18.193758276234313, 27.281997847747483, 27.770682155759594, 27.770682155759594, 32.37964591055108, 25.23380584551867, 39.28163884132061, 32.57629871032862, 29.336772197671166, 33.363277835434346, 27.575165012056043, 34.249300969671644, 28.74909640969382, 34.34779001088106, 15.549955779721483, 19.722336560373797, 28.161885240296296, 15.269718758178028, 28.161885240296296, 30.21910450990636]","[-18.536681366686807, -13.309065416852324, -20.40859201707501, -22.20512437962836, -17.498211066049226, -19.370100160244746, -21.198543290986205, -20.56322645473505, -30.45825527627015, -26.33838679434458, -26.00652505544422, -21.777558413784266, -21.361711947356856, -21.443967767071864, -22.644930588850062, -70.47517898575519, -33.297137539097356, -22.20512437962836, -21.777558413784266, -21.777558413784266, -18.26959725159169, -24.141155353546353, -14.296096120868432, -18.13797092433306, -20.48570476980211, -17.623776730385472, -21.947149913329536, -17.067722800861834, -20.957090925352855, -17.0073373268209, -38.28686682898147, -30.881127259858424, -21.443967767071864, -38.888344886757665, -21.443967767071864, -19.80600885236636, -42.839423863247156, -33.19255543232425, -45.81742613538092, -48.46399108730304, -41.08389229890718, -44.19420787244001, -47.00568086857444, -46.05313632979258, -58.41271140127937, -53.85527912341105, -53.45508907264168, -47.852024156809335, -47.246260695459, -47.36691953721834, -49.08221012903084, -82.6930947513604, -61.165337955537176, -48.46399108730304, -47.852024156809335, -47.852024156809335, -42.395161602780746, -51.10303778106651, -35.17288278793899, -42.17438618851755, -45.935160616000346, -41.30022130085057, -48.09606372619426, -40.33361002839755, -46.64664936518283, -40.227291640826756, -65.3884150074409, -58.84113056112848, -47.36691953721834, -65.85226272494839, -47.36691953721834, -44.88417844758503, -50.86562850714033, -40.92678951158675, -53.74799993668725, -56.2419764485692, -49.12696381310396, -52.187172874027624, -54.875395584210565, -53.972645773619114, -65.11115825080984, -61.140760043255575, -60.784991864452905, -55.670756306008656, -55.102122894153666, -55.21564224920639, -56.81577428132475, -84.47397059042892, -67.4424504744014, -56.2419764485692, -55.670756306008656, -55.670756306008656, -50.42845836393231, -58.66911935008136, -43.045477240745925, -50.21049984277639, -53.86027071681594, -49.342837708982145, -55.898934431422745, -48.37467893029826, -54.536083918040646, -48.26762472737756, -70.9334740984343, -65.47712845393879, -55.21564224920639, -71.31117197347743, -55.21564224920639, -52.8535911810273, -40.96367142654055, -31.487092371047968, -43.93066314381318, -46.58453219665317, -39.224050966875694, -42.310936795554106, -45.1201986983049, -44.16636894660866, -56.70439588552742, -52.04067175590411, -51.63337684101478, -45.96943955792576, -45.3614339874998, -45.4824718559851, -47.20678759620392, -82.20149040748217, -59.54320495409076, -46.58453219665317, -45.96943955792576, -45.96943955792576, -40.52278053272201, -49.24696793044269, -33.41635580530996, -40.30384612359936, -44.04837945933304, -39.43804594414553, -46.21462186729728, -38.48267077810595, -44.760437275852155, -38.377714857957145, -63.92881316630196, -57.14516388745917, -45.4824718559851, -64.41263579561718, -45.4824718559851, -42.998685614544314, -30.647604882740676, -22.68585770288868, -33.324073691757626, -35.803777620356676, -29.12229492535264, -31.850885139193544, -34.42517084328031, -33.54094396460916, -46.10033091603418, -41.180308537264786, -40.76526748135483, -35.221530516201454, -34.65050525158184, -34.763826833063206, -36.397548103714186, -78.6530676046789, -49.25199574330793, -35.803777620356676, -35.221530516201454, -35.221530516201454, -30.2580538173064, -38.3786643182499, -24.24198804862254, -30.065371947615116, -33.432302885937524, -29.30824878005215, -35.45306598193038, -28.48161379288574, -34.09040622948926, -28.39135423556989, -54.3635772134596, -46.581722859311945, -34.763826833063206, -54.94574281801218, -34.763826833063206, -32.472803057214584, -31.459181169973323, -23.346753176864794, -34.17241512249499, -36.67946041544691, -29.90965826436398, -32.67990537931115, -35.28646374569312, -34.391937816013, -47.01723901867201, -42.092252639112445, -41.675553838740825, -36.091385183188194, -35.514289672206104, -35.628843726911334, -37.27879637604318, -79.00216074521116, -50.15790564897057, -36.67946041544691, -36.091385183188194, -36.091385183188194, -31.06366756071184, -39.275695374220184, -24.936877709181594, -30.86798004780647, -34.28197420741156, -30.09868778553885, -36.325282077208044, -29.258120650110335, -34.94789763778912, -29.16629947862297, -55.22867516967953, -47.497663394759805, -35.628843726911334, -55.80444116558526, -35.628843726911334, -33.310255689203494, -38.5448460181521, -29.339328730257474, -41.4785840704232, -44.12474482426419, -36.83656115467096, -39.87382365071739, -42.66206641034413, -41.71275672044645, -54.40966149414119, -49.63159631454142, -49.21740966153983, -43.509565344739876, -42.90258775002677, -43.02333285564534, -44.74824442860569, -81.51180002881287, -57.34939878497213, -44.12474482426419, -43.509565344739876, -43.509565344739876, -38.11107887084126, -46.80069104405543, -31.194105662631898, -37.89588914931786, -41.59551413176572, -37.046237086650635, -43.754646245908084, -36.111141269610904, -42.303692031936336, -36.00856927981007, -61.93544097873366, -54.86456892523128, -43.02333285564534, -62.444545138850124, -43.02333285564534, -40.55427582848819, -18.68839282812296, -13.421868520545578, -20.573060837818645, -22.38117080161719, -17.64255939081313, -19.527575627471343, -21.36818608515007, -20.728718156879694, -30.6778848524711, -26.53834716916664, -26.204713956676486, -21.95091111006455, -21.532407352886086, -21.615191692568917, -22.82370654728959, -70.63263574878468, -33.52768552320814, -22.38117080161719, -21.95091111006455, -21.95091111006455, -18.419433844461874, -24.328895030447377, -14.416577308645177, -18.28687867921574, -20.65068428556347, -17.76902574598716, -22.1215757581261, -17.208962033609588, -21.12516590969607, -17.14813784616726, -38.531043622296956, -31.10252347402173, -21.615191692568917, -39.13366957387525, -21.615191692568917, -19.966445785949073, -13.759360143601233, -9.80140469380211, -15.20123163860579, -16.599424421248678, -12.965523188059128, -14.399518768758446, -15.814214359824117, -15.321005995982144, -23.2414563059147, -19.87698926341312, -19.610432888379318, -16.265312371601144, -15.941179252534798, -16.00523042839769, -16.94401292160308, -64.10022684535146, -25.62510658484157, -16.599424421248678, -16.265312371601144, -16.265312371601144, -13.554796391922387, -18.123489968389595, -10.541901430967693, -13.454084143518724, -15.260947331308827, -13.061291169973533, -16.397732546989964, -12.637635424336736, -15.626557217617101, -12.591696038815714, -29.962438705649856, -23.59295690562807, -16.00523042839769, -30.499126322801455, -16.00523042839769, -14.735481353594954, 8.542134175385318, 6.048894695240544, 9.462494336840692, 10.36229210355365, 8.038412041747101, 8.949856773683514, 9.856045030421756, 9.539281703258547, 14.757967336959174, 12.503956878058347, 12.327922182448077, 10.146582250826578, 9.937738617027684, 9.978975075804845, 10.585240543494226, 51.634521860681694, 16.394935247665302, 10.36229210355365, 10.146582250826578, 10.146582250826578, 8.412135400584813, 11.352160117086463, 6.512126489783024, 8.348183792805015, 9.500771437027545, 8.099074194431214, 10.232021967271647, 7.830933458966385, 9.735413464341098, 7.801890464369381, 19.47397716932087, 14.997139088151362, 9.978975075804845, 19.865009364666825, 9.978975075804845, 9.164400627922207]"
20_1,17.02252795230096,"[22.912182434696955, 22.14210423722269, 22.760717980637448, 22.237851297442564, 22.723627067356524, 22.95081662208228, 22.044392873588208, 21.228963896420463, 21.88424339393955, 21.33051548955908, 21.845008615235933, 22.085224630765556, 20.762272855108492, 19.873143134188606, 20.58808741900126, 19.984185223378365, 20.54538231545028, 20.806650395921174, 18.9328516889823, 17.9216008640568, 18.735640616532876, 18.048541076373255, 18.68722614395952, 18.983029341561593, 18.9328516889823, 17.9216008640568, 18.735640616532876, 18.048541076373255, 18.68722614395952, 18.983029341561593, 17.728473032885212, 16.623011377241014, 17.51371485376366, 16.76238037444454, 17.460934358540563, 17.783055547093664]","[-63.99185940721475, -68.99106708675868, -64.87704005406714, -68.29096516133438, -65.1000232146908, -63.77226296482938, -62.760635545502694, -67.94176497384467, -63.675307263889565, -67.21401256462804, -63.90591078252244, -62.53391290091952, -60.73314105439244, -66.19709393575862, -61.69279762267084, -65.42563032278623, -61.93508785399496, -60.49560944097017, -57.294579965825385, -63.186699745068026, -58.319774164091726, -62.34687062392138, -58.579277280118745, -57.041481445757476, -57.294579965825385, -63.186699745068026, -58.319774164091726, -62.34687062392138, -58.579277280118745, -57.041481445757476, -54.5671009626617, -60.74863701317299, -55.63409509644346, -59.86041655212422, -55.90476163171535, -54.304251399771026]"
21_2,18.063689107855737,"[-19.91337554926532, -23.270243782866537, -24.816679330077843, -25.01040595439456, -26.174531952359136, -26.271672135694274, -26.854905771775634, -29.48693290602101, -28.8034738398605, 63.42860788266012, -20.296520007780817, -23.579315555464646, -25.097572430204618, -25.28798394133323, -26.43309549766626, -26.528715792108727, -27.103026919118914, -29.69868429396633, -29.024103641662187, 63.44450929252476, -20.86166399818586, -24.038588084612783, -25.516031139902374, -25.701623207123152, -26.819022593711484, -26.912422774145522, -27.473686248051397, -30.015914671281227, -29.354411735441307, 63.46866089385029, -20.095345419559614, -23.416796646035806, -24.94979771596965, -25.141945091889983, -26.297017905159304, -26.39343478670904, -26.972423290858288, -29.587163484247576, -28.907922010351253, 63.436112868394446, -21.00974415752726, -24.159572095022952, -25.626468281991105, -25.81081154376825, -26.92101693465543, -27.013839824225517, -27.571707764339966, -30.09998442734272, -29.441903216930356, 63.47512812575892, -22.101795355566203, -25.05960753653919, -26.450593934931195, -26.625908778591253, -27.683944424061412, -27.772569318326543, -28.30571136290103, -30.731808004423307, -30.098871138797435, 63.524640937470295]","[-15.99360862380522, -13.420476460065792, -12.46543845979894, -12.35386244915105, -11.716844041962483, -11.666132196440465, -11.369008056014485, -10.166733287299254, -10.459099895208244, 2.8614200288324647, -19.681001661778215, -16.58153680393566, -15.42217124829108, -15.28642927481175, -14.51030430290122, -14.44843687627149, -14.085715411882003, -12.614052518765831, -12.972493709376742, 3.569102687591653, -23.967469025290075, -20.308548895107997, -18.924899127573898, -18.762395397161622, -17.831302836328206, -17.756941740527736, -17.320562279325713, -15.543131839338463, -15.977038877619481, 4.432826888477645, -17.853881585330264, -15.010529367954147, -13.95125360881987, -13.82737089306499, -13.11959474099135, -13.063214486477362, -12.732776117911413, -11.393982186468122, -11.719792239938254, 3.2148991866010976, -24.943098112860802, -21.16585413123762, -19.733517100243432, -19.56516247133915, -18.600026785673048, -18.522909381253058, -18.07024559537831, -16.224629160635025, -16.67544874197324, 4.636873830082363, -30.959979176674086, -26.538347169166677, -24.829334958854353, -24.627341431932724, -23.464929782215975, -23.371727789213026, -22.82370654728963, -20.573060837818684, -21.125165909696097, 5.972261169556859]"
22_1,18.996149355913964,"[-45.90907107569284, -37.1695889139613, -32.7548039447323, -31.605089178996074, -31.51707739037161, -24.486228220451082, -24.004783905134207, -25.05351642847322, -25.216657814770027, -22.978137288948133, -25.298399792697122, -25.873698220347514, -26.620967187576376, -27.123605903610223, -28.0537276324174, -45.57126614407403, -36.56215931672281, -31.953171930264457, -30.744062669764837, -30.65132948170569, -23.13665527557985, -22.611866070294912, -23.752877639976898, -23.929685415622654, -21.486665540264845, -24.018209073882286, -24.640035315909483, -25.444774698520995, -25.98431808984078, -26.979314305362156, -45.53552953751356, -36.4973934263771, -31.867187265790747, -30.65152877172247, -30.558273676351426, -22.98892253076359, -22.459100291424747, -23.610797007930433, -23.78917780560662, -21.32235847332519, -23.878481169912618, -24.505641453684845, -25.31693344720917, -25.860664495170568, -26.862985745321637, -45.544329538636326, -36.51335090756773, -31.888382169213795, -30.674341333062884, -30.581215172822745, -23.02539494052836, -22.496820885414635, -23.645868296407336, -23.823859261161147, -21.36294325601738, -23.91296941270447, -24.53880821174421, -25.348477526453653, -25.891171939689208, -26.891680613924716, -45.312850703010405, -36.09158847083169, -31.326092279375665, -30.068391199574023, -29.971779468803447, -22.04460934479553, -21.481122386279345, -22.704123167958326, -22.89294898569683, -20.266625153428578, -22.987424893383103, -23.6498877895173, -24.50435526884601, -25.075572918333236, -26.125784532405596, -45.29495606480258, -36.058807758456055, -31.2822034030124, -30.02102816343238, -29.92413856861711, -21.966849844200876, -21.400469455231576, -22.62958496453962, -22.81930220758496, -20.179242343039533, -22.914219170678262, -23.579685457575593, -24.437810484736968, -25.01134803307002, -26.065586437670795, -45.33794203196094, -36.13750963048782, -31.38752866556502, -30.13467439029008, -30.03845018178431, -22.1531539122871, -21.593673845621886, -22.808203166865148, -22.995792851484932, -20.388483749014025, -23.089657047056605, -23.747952662306034, -24.597341098582273, -25.165334979586618, -26.209946936164563, -45.289166960163904, -36.048197374992974, -31.267991707604665, -30.005689398869098, -29.908709644559377, -21.941631254038654, -21.374308325039003, -22.605415240123712, -22.795422648082457, -20.150887289697753, -22.890483164094352, -23.55692674785656, -24.41624139763326, -24.99053320348263, -26.046080303458133, -45.28346568296066, -36.03774534297282, -31.253989308343954, -29.990575522528278, -29.893506848194875, -21.916765188270343, -21.348510889604203, -22.581585378702584, -22.771879407115645, -20.122921130927995, -22.867081715940767, -23.534490500618666, -24.39497979059782, -24.97001621337247, -26.026855033033634, -45.38524638107443, -36.223948312921465, -31.50302819096555, -30.259234458500416, -30.163734285429125, -22.356270804922673, -21.804190189991033, -23.003064383595838, -23.188366263903106, -20.616149502816572, -23.28109800217919, -23.93167329656794, -24.77163973945937, -25.333646408680927, -26.36784644607528]","[-13.554361017127535, -18.607087870401223, -22.0889738262886, -23.15163934056285, -23.23619535470323, -32.0862514681567, -32.90525157738543, -31.167931635198276, -30.91260649465402, -34.78829954020315, -30.78608679077141, -29.921198520408815, -28.8601077849748, -28.182650869214047, -26.99856205360051, -10.36454711645874, -14.327879255558582, -17.112642754446526, -17.97284804494396, -18.04151679542259, -25.43764690116961, -26.145724480611342, -24.648903938928008, -24.43056210039315, -27.790972473328587, -24.322520496946485, -23.586608697850245, -22.689946541132333, -22.120931516334, -21.132635282174565, -9.965853957048747, -13.787106400509872, -16.477756728755832, -17.310004828726672, -17.376466009463606, -24.55860201630008, -25.248936683794852, -23.79023114599311, -23.577639985103513, -26.855014318587354, -23.47246160211543, -22.756359107800264, -21.88454246876482, -21.331687900293737, -20.372164819005224, -10.065526615953253, -13.922411565533842, -16.636726235635788, -17.47601606692832, -17.543033543701366, -24.779334163513, -25.474187823708977, -24.00578136300473, -23.791728649512276, -27.090263641531948, -23.685822761319987, -22.96469034249013, -22.086572772472362, -21.529624142347544, -20.562819439081473, -6.975848687248104, -9.696641285697785, -11.638617349360567, -12.244511459428953, -12.293011387900352, -17.651258900787106, -18.18029529060904, -17.065611907248062, -16.90415543349577, -19.42210149836418, -16.82436692934254, -16.28271034093657, -15.6268926015718, -15.21300081518899, -14.498179440057777, -6.6768644672544175, -9.28463774874632, -11.148024571394615, -11.729817055509743, -11.776396957380374, -16.932262452727034, -17.44250046715762, -16.367695941511272, -16.212100027592324, -18.641128901714925, -16.135215382838183, -15.613404682020683, -14.981917709512878, -14.583546396590418, -13.89582038331836, -7.374498431986177, -10.245226515997961, -12.291028360438565, -12.92867676383945, -12.979704441354876, -18.60245854742815, -19.155830271777315, -17.98946750267076, -17.82039930372679, -20.45334606080074, -17.736837705200518, -17.1693678012327, -16.481841915681297, -16.047690015605614, -15.297439419623055, -6.577203627002418, -9.147199475029304, -10.984257137261233, -11.55796291454975, -11.603898330302156, -16.691558357955095, -17.195427814557394, -16.134125738324308, -15.980511701500538, -18.37940161122998, -15.904608839582924, -15.389504126033065, -14.766229850180958, -14.373092594409655, -13.694495674628376, -6.477543063104949, -9.00971051183854, -10.820374031904338, -11.385967207224793, -11.431255941555603, -16.450343864719343, -16.94779414154964, -15.900097999967892, -15.748479833376988, -18.116983602490713, -15.673565577430493, -15.165211574315766, -14.550200467420828, -14.162327086248483, -13.492907127663825, -8.072147544825675, -11.203054555455429, -13.427768716153256, -14.119886262559385, -14.175244365211862, -20.245673405330514, -20.839577656960497, -19.58698639292679, -19.405170317106972, -22.229366141636998, -19.315285321968293, -18.704479128068076, -17.96354759291714, -17.495176832182057, -16.68491865168124]"
23_1,19.872182437013727,"[72.783684748464, -27.6027533129639, -30.648136704893563, -32.68161649175258, -32.84088091439125, -29.28452254805598, -33.08049354753505, -31.033610035731378, -31.73431993136959, -33.40129076719841, -32.285158776102755, -30.41820533532309, -36.184303811923854, -36.184303811923854, -36.26757730703101, 72.82361927949718, -29.68322801139615, -32.396308072949964, -34.23584450518292, -34.3807566008361, -31.174780343691676, -34.59899366613462, -32.74343203368431, -33.37636912901568, -34.891575849426054, -33.875623859285795, -32.18962297548754, -37.44792443193757, -37.44792443193757, -37.5248857882437, 72.83250985465382, -30.114611328521946, -32.76304825288022, -34.56402386928516, -34.70605913775096, -31.56938789841256, -34.9200058060047, -33.10259447391682, -33.722082631506396, -35.20691422844406, -34.21105266432841, -32.56094503786644, -37.717256781376854, -37.717256781376854, -37.79292636858329, 72.79703121324118, -28.325985302448252, -31.251839300973035, -33.21638917046731, -33.37057520716064, -29.939103267965983, -33.602629970177425, -31.62363659848559, -32.300233896560755, -33.91346122412542, -32.83276704596095, -31.030209357796515, -36.61681802591069, -36.61681802591069, -36.69788322324395, 72.8058363172481, -28.787211509572053, -31.639114567219167, -33.56054920698937, -33.711545986380465, -30.357987042276573, -33.93885120359696, -32.00238374787476, -32.66391302899767, -34.243413875359096, -33.18498024734142, -31.422654764000924, -36.8964398194249, -36.8964398194249, -36.97610411414763, 72.8299301859388, -29.990527901305956, -32.657416540323986, -34.46942633251628, -34.61228557795196, -31.455794414813052, -34.827461290361214, -32.999129580037604, -33.622465284044274, -35.11599539576772, -34.11437922024268, -32.45400353480991, -37.63953438438832, -37.63953438438832, -37.71557486660731]","[5.8128311492730464, -38.692019526901476, -33.477919434613476, -30.629285002248825, -30.422914361418652, -35.64838233059747, -30.116561821179975, -32.90503908682013, -31.904668586441638, -29.713962000900228, -31.15284161903012, -33.82772359363448, -26.54119914304593, -26.54119914304593, -26.454118018833196, 7.065610220367571, -44.27896460782011, -38.84057483634605, -35.78716104269086, -35.563707906845465, -41.12804426156178, -35.231440133693425, -38.23117399824905, -37.16139508956719, -34.79377381179598, -36.35269828196478, -39.21152131235097, -31.304988758093923, -31.304988758093923, -31.208253819161495, 7.315432917387619, -45.28483525834472, -39.82686078932905, -36.74667877805393, -36.52082840085939, -42.12698128648545, -36.18488660343109, -39.21301503643767, -38.134347341749546, -35.74218182072016, -37.31801789590604, -40.20029220315291, -32.20527423663177, -32.20527423663177, -32.10700696235455, 6.25942314436252, -40.79192498392595, -35.47111452624375, -32.534974179942225, -32.32148477193134, -37.69451470538978, -32.004373346225, -34.88226440715423, -33.85203180253201, -31.587288598720637, -33.07612329975014, -35.830262029731664, -28.286922902047962, -28.286922902047962, -28.196010503785534, 6.537402186787978, -42.037217557255055, -36.66571001999942, -33.68349860841155, -33.466170668995275, -38.915502202453844, -33.14323708192144, -36.068634637986015, -35.022781332832444, -32.71827631451073, -34.2340836744479, -37.02962152453629, -29.347022291962237, -29.347022291962237, -29.25394665013977, 7.243830063292939, -45.00000000000001, -39.5469067434261, -36.47396750709275, -36.24877290443297, -41.84371816095264, -35.913837671014626, -38.93424942436991, -37.8579787910857, -35.472515978831574, -37.04372313896917, -39.919677848577585, -31.94892791313018, -31.94892791313018, -31.851087161859887]"
24_1,20.740618209863158,"[-72.5543732484107, -73.94236292144014, 72.05915650455891, 67.71380694749537, 61.73393394768104, -19.182883303429687, -23.983603278763667, -22.112574085031135, -21.395101769004054, -19.694737097158004, -24.602798146024718, -28.817393882321554, -19.245919844037832, -24.214734110820416, -20.56111292829379, -72.88442828499328, -74.20081497893648, 72.41756555575529, 68.39046082814824, 63.08068222095505, -36.33073218206619, -38.165174477337956, -37.40752675444136, -37.131305544852054, -36.50902159171201, -38.42760430099669, -40.36338726645089, -36.352461096510126, -38.26246003068474, -36.82036301929342, -72.75982314484014, -74.10297967961822, 72.28239251360264, 68.13780564662304, 62.58636955395252, -31.63446344995716, -34.041494502779585, -33.05643970378952, -32.69422358067573, -31.871797076837137, -34.37992377071592, -36.83629025188096, -31.663430088344253, -34.16711528705891, -32.28440737055413, -72.5002488468879, -73.90019374148018, 72.00027081114332, 67.60052240505895, 61.501078949104595, -13.135526282114213, -19.9213031718684, -17.425338550739525, -16.427264716487908, -13.933188501199583, -20.720199523110356, -25.914539336867854, -13.235219535113773, -20.22088007195373, -15.229882435829458, -72.52744793772987, -73.92137745804753, 72.0298665569033, 67.65753536160061, 61.618545378160164, -16.508453222992927, -22.09043897865492, -19.959507194091763, -19.12923904107209, -17.12432957489124, -22.78643305401869, -27.4339160577882, -16.58465581364281, -22.350718319495407, -18.153060409111912, -72.50089876358588, -73.90069974466383, 72.00097808900641, 67.60188670966423, 61.5038964905023, -13.227803736034954, -19.97680198604784, -17.491303421801064, -16.49821736526995, -14.019443876871069, -20.7728324081877, -25.952453773225734, -13.326707407881276, -20.275280358222012, -15.307604559932036]","[4.661687929120599, 4.268990956414135, -4.803277157331961, -6.084438447015399, -7.9930921924764355, 48.01872897254977, 35.542893149758214, 39.53114350670296, 41.306004694122635, 46.261273297963875, 34.38819022363077, 28.039849389674377, 47.794191707095344, 35.10346073094807, 43.587489096801235, 12.40498555132517, 11.384545303306012, -12.77126725202777, -16.041740185468235, -20.74524167220825, 71.55243161789753, 62.57485887875773, 65.80937627354544, 67.12550310201496, 70.46800882581083, 61.55728656765459, 55.16000368630876, 71.41650579330667, 62.19225577920853, 68.72086758130797, 10.195274449371524, 9.349002539668758, -10.499550083682998, -13.229859386675317, -17.207568238710838, 67.8055567880473, 57.59896238552143, 61.21492918700469, 62.70667833795851, 66.54543294234391, 56.476561114463955, 49.59219295673831, 67.64723069832722, 57.17607887510632, 64.530126416811, -0.31532762430205774, -0.2886620377549183, 0.3249492082607526, 0.412205001742647, 0.5429945807926604, -4.289647460847449, -2.76061181333484, -3.18803380427017, -3.3940779089950928, -4.034541304795409, -2.644811827456081, -2.0587413866356044, -4.256109029665563, -2.716159892953504, -3.6759333591048113, 3.311907547362137, 3.032378891043127, -3.4127305049026977, -4.3260372333542, -5.690795257566588, 38.26255693476963, 26.885374317735316, 30.355748595089462, 31.947508393826432, 36.56166205904457, 25.906288428959133, 20.705291916657934, 38.04327499530719, 26.511477117422483, 34.039758465818615, 0.5992655345748634, 0.5485911663788681, -0.6175499000403585, -0.7833618586164289, -1.0318825624635555, 8.113095078577132, 5.235992253422438, 6.042627379380622, 6.430871886015071, 7.634846814484019, 5.017184862783981, 3.908257647985457, 8.050266148839917, 5.152011890319575, 6.961269793993601]"
25_1,21.70650406268369,"[-27.302136074831726, -16.004498774001423, -11.506588193178564, -71.50004703840212, -70.10005856106608, -15.204785082014144, -10.407357134811964, -16.104464841918393, -13.005740582106013, -14.804938994417132, -15.104822848150134, -14.305142654741934, -16.30439813303005, -17.004176079811316, 9.608022267800935, -27.301201559170003, -16.00253071335191, -11.50370632090193, -71.50002645876924, -70.1000329401951, -15.202691791410006, -10.404139026627755, -16.10251162325261, -13.003229387026824, -14.802778384635921, -15.102713039057432, -14.302892968385521, -16.30247409314788, -17.002349168341837, 9.604513348410578, -28.364304368738825, -18.137752365885227, -14.4579206381981, -71.52416228910252, -70.13007187098356, -17.45778171861747, -13.627103488520243, -18.22337034518552, -15.640894656641333, -17.12132066606764, -17.373436750353967, -16.704325564720605, -18.395000060928638, -18.99965600315012, 13.046199083222863, -27.445071504841227, -16.303413047314397, -11.940151703199504, -71.50320771755018, -70.10399332775272, -15.5223647215036, -10.889439607606805, -16.401162975097183, -13.385141164397199, -15.13252702567368, -15.424859983758482, -14.645945339681644, -16.596737031382556, -17.281981942883903, 10.131559316004152, -30.179969138111808, -21.427694637401263, -18.594824928492827, -71.56890270503044, -70.18570583947802, -20.886581248249676, -17.99272625861634, -21.496320771781587, -19.478197614777695, -20.621501634458994, -20.81995957653011, -20.29555975934188, -21.634209258342334, -22.12330055576645, 17.58165036725273, -30.32925312868711, -21.68324100768014, -18.903114640268818, -71.57278910149716, -70.19053551250387, -21.15122551289281, -18.314098518754115, -21.75074210868932, -19.768592560530134, -20.890755628867076, -21.085752676045438, -20.570626827261798, -21.886389065981266, -22.367727931408968, 17.91240857359671]","[-0.7749511339967086, -1.3947128970082308, -1.965323601969409, -0.1338400587720906, -0.1448000227873321, -1.4719445925854469, -2.178413728394299, -1.385584855307909, -1.7320906561577498, -1.5136116245883295, -1.4821592905833147, -1.5688957780773212, -1.3676557312321413, -1.308134960400195, 2.3636386780775593, 0.5812247255323362, 1.0461176334938314, 1.4742351612344236, 0.10037941047333968, 0.10859934633301277, 1.1040568577120577, 1.634143142771754, 1.0392698875745219, 1.299231905285062, 1.1353161915778873, 1.1117200544112427, 1.1767921408450996, 1.0258197436978194, 0.9811688314388642, -1.7731564228761476, 17.059376989818706, 28.91416141467534, 37.90020103828925, 3.0335345050104014, 3.2814247975879134, 30.240115042793814, 40.79317344710617, 28.755151547778087, 34.45161786155917, 30.941045413515546, 30.41288425652822, 31.855450284713633, 28.44141708690384, 27.386512942215376, -43.119592112822794, 6.374282953171573, 11.369587612113465, 15.823057051664945, 1.1052500056413626, 1.1957323778797344, 11.98169794723916, 17.440771322500733, 11.297067848650299, 14.022832909849681, 12.31081326853211, 12.062454761822437, 12.746232030877707, 11.154520928829223, 10.680316389078774, -18.824461307368903, 27.43572398704237, 43.05923713848412, 52.79080390297894, 5.1231299126612315, 5.540144935928728, 44.60240864216057, 55.5904360773237, 42.871528637360036, 49.251424077607965, 45.40242813648764, 44.80060338072297, 46.4300415281191, 42.499489324202194, 41.23204785984738, -57.738685127314604, 28.087352699111907, 43.848565891902226, 53.5493529576948, 5.2656702834195235, 5.69414256615025, 45.392888383753714, 56.3237953448482, 43.66056078967551, 50.03155081201369, 46.19260157683909, 45.59106465452362, 47.218918638169946, 43.28783325320447, 42.017046546965034, -58.4480262362901]"
26_1,22.63390065875588,"[-21.76587532226834, -21.559569636723644, -21.696896497509574, -22.395813078476788, -22.7525674260171, -22.896563400141705, -22.896563400141705, -22.896563400141705, -23.259675978528037, -23.47962266676103, -23.406137381317517, -23.92400640897494, -23.84953627734779, -24.753389629443763, -23.406137381317517, -24.22843230199461, -24.052150734979698, -24.169445986481833, -24.76920153462417, -25.077069003307844, -25.20165130934807, -25.20165130934807, -25.20165130934807, -25.516599968750338, -25.70791116821071, -25.643948651754567, -26.0956403828913, -26.03055440335725, -26.823392598599845, -25.643948651754567, -24.867253721863197, -24.697874329657747, -24.81056747724177, -25.387370441704064, -25.68381864493514, -25.803847467604857, -25.803847467604857, -25.803847467604857, -26.107453689854, -26.29199077121764, -26.230283512055596, -26.66625115363407, -26.603402186837116, -27.369624280626688, -26.230283512055596, -25.813429346819863, -25.653702833610595, -25.759961503673928, -26.30457280019051, -26.58494371751401, -26.69855041629654, -26.69855041629654, -26.69855041629654, -26.986131950981317, -27.161079875323814, -27.102566601856864, -27.51623342351956, -27.45656162109832, -28.184886212076545, -27.102566601856864, -25.592743615529404, -25.43082346166565, -25.5385442139478, -26.090480349701846, -26.374515637753696, -26.489587212038373, -26.489587212038373, -26.489587212038373, -26.78082673348796, -26.957965475548843, -26.898722322360033, -27.317488473472473, -27.25708972098458, -27.994095147740612, -26.898722322360033, -25.813429346819863, -25.653702833610595, -25.759961503673928, -26.30457280019051, -26.58494371751401, -26.69855041629654, -26.69855041629654, -26.69855041629654, -26.986131950981317, -27.161079875323814, -27.102566601856864, -27.51623342351956, -27.45656162109832, -28.184886212076545, -27.102566601856864]","[42.513730086662726, 43.070426545829214, 42.69818715511125, 40.90220566244183, 40.04346220789813, 39.70701194175518, 39.70701194175518, 39.70701194175518, 38.88302020583802, 38.400101639347966, 38.56013386789905, 37.45924303427521, 37.613783930282736, 35.81678828892055, 38.56013386789905, 49.15502518079189, 49.706713863840605, 49.33809829461417, 47.54387690297585, 46.67665561632365, 46.33522149571266, 46.33522149571266, 46.33522149571266, 45.49504439996135, 45.0, 45.16426742969278, 44.02987782678561, 44.18973864805046, 42.31834458350523, 45.16426742969278, 50.580044071547135, 51.1267831782687, 50.761532442053394, 48.980354627347246, 48.11743936487828, 47.7773409128569, 47.7773409128569, 47.7773409128569, 46.939582149721076, 46.445383000550194, 46.60941768322166, 45.475667107314436, 45.63557505766341, 43.76080294332645, 46.60941768322166, 52.52191732330123, 53.059750381810076, 52.70052576028054, 50.94430166213374, 50.0908016847999, 49.75392999957142, 49.75392999957142, 49.75392999957142, 48.92294555588957, 48.43195603933299, 48.59499027813922, 47.46683280618832, 47.62613939365902, 45.754527049896446, 48.59499027813922, 52.08552050170704, 52.6255703184502, 52.26484797401337, 50.5022974765317, 49.646324311870984, 49.30858539454529, 49.30858539454529, 49.30858539454529, 48.47572617716745, 47.983806251337924, 48.14713480805837, 47.017239018672015, 47.1767487592008, 45.30362975841206, 48.14713480805837, 52.52191732330123, 53.059750381810076, 52.70052576028054, 50.94430166213374, 50.0908016847999, 49.75392999957142, 49.75392999957142, 49.75392999957142, 48.92294555588957, 48.43195603933299, 48.59499027813922, 47.46683280618832, 47.62613939365902, 45.754527049896446, 48.59499027813922]"
2_1,1.189948475426827,[nan],[nan]
4_2,2.944913734005386,[nan],[nan]
5_1,3.835623436608101,[nan],[nan]
7_1,5.156771427573761,"[30.087136719040334, 34.58505344241974, 35.03095045546056, 35.371730385371244, 35.544126955793104, 35.7178443105686, 35.371730385371244, 38.15440918816141, 37.21521513506329, 36.48557980278234, 36.84793203836032, 36.24679671207569, 36.84793203836032, 35.7178443105686, 36.18745307554143, 34.42038537111099, 36.010274388634514, 36.12825117850474, 33.881739898689936, 36.06919146690434, 35.20066727417679, 29.75407389158678, 34.33225334189813, 34.785035634721666, 35.130964104440864, 35.30592861973767, 35.48220908792308, 35.130964104440864, 37.95228787976728, 37.00069469629845, 36.260984970694125, 36.62839002400146, 36.018817452930165, 36.62839002400146, 35.48220908792308, 35.95862585661435, 34.164998983424574, 35.7788990820007, 35.898575288302254, 33.617724631945904, 35.838666209045776, 34.957328674738385, 30.003738641579385, 34.52164338701135, 34.96925873889971, 35.31132393003228, 35.48436166462156, 35.65871905138466, 35.31132393003228, 38.103659287895795, 37.16136519150111, 36.42921226360148, 36.79282706302154, 36.18958365155693, 36.79282706302154, 35.65871905138466, 36.130028191529156, 34.35633000566991, 35.95221303077856, 36.07061430122639, 33.81553209139176, 36.01134243039627, 35.13961863760313, 27.868166801498457, 32.92364627753061, 33.41655239936388, 33.79240719856625, 33.98227395459778, 34.17341275868279, 33.79240719856625, 36.83636724580407, 35.81371292923895, 35.01601137425141, 35.41253121675408, 34.75430946687766, 35.41253121675408, 34.17341275868279, 34.68921938995539, 32.741289601787976, 34.49476269672769, 34.624264542193934, 32.14350400516124, 34.55944546347734, 33.60382806889435, 28.599940273917912, 33.465493339541005, 33.94260293925265, 34.30669170369598, 34.49070436682068, 34.676009588018694, 34.30669170369598, 37.26352513149139, 36.268603989248795, 35.493587106794344, 35.878712182563696, 35.23953722350146, 35.878712182563696, 34.676009588018694, 35.17636684225402, 33.28908871905357, 34.987684835290466, 35.11333430941258, 32.71123603787628, 35.050440135898235, 34.123986265326856, 26.273792193876464, 31.76511014959852, 32.293405663860256, 32.69554385384597, 32.898463806949394, 33.102594473916824, 32.69554385384597, 35.93221348580643, 34.84857179069863, 34.00074365831441, 34.422470292561265, 33.72208263150641, 34.422470292561265, 33.102594473916824, 33.652733899156246, 31.56938789841256, 33.44545676772857, 33.58351294856033, 30.926715824282482, 33.51442037251489, 32.49385192387094]","[-62.034531413727684, -47.919417741909314, -46.884773861298164, -46.12231880439974, -45.74538428186597, -45.3712848836144, -46.12231880439974, -40.64371858649338, -42.36121014151143, -43.78243966361684, -43.06647046723846, -44.2657897104987, -43.06647046723846, -45.3712848836144, -44.38738932430485, -48.31278867352315, -44.75403003566407, -44.5092953853397, -49.6455142520149, -44.63150869109667, -46.502108706010134, -61.62193322646037, -47.42588389015763, -46.389893774324705, -45.62686030366843, -45.24976956592468, -44.87560000169902, -45.62686030366843, -40.15440826812953, -41.86803279645375, -43.287398267699594, -42.57221637396744, -43.77039136923872, -42.57221637396744, -44.87560000169902, -43.89192336060814, -47.81993604681969, -44.25841418239467, -44.01377058253429, -49.15566153513032, -44.1359339018844, -46.006894424243335, -61.93214622395295, -47.79658108694191, -46.76157329696387, -45.99895292598109, -45.62196895796249, -45.24784161428651, -45.99895292598109, -40.521732734329035, -42.23830764109091, -43.659112241979294, -42.94331924064528, -44.14238687477583, -42.94331924064528, -45.24784161428651, -44.26397304472734, -48.190132468244684, -44.63058667945037, -44.38586785967457, -49.52364120423213, -44.508072134176246, -46.378814252862895, -59.080665423641655, -44.47161423545584, -43.434015828005606, -42.672271875295536, -42.29659004730551, -41.924321326053544, -42.672271875295536, -37.269495765285505, -38.95004868484577, -40.3497308273779, -39.64358616433775, -40.82763894969237, -39.64358616433775, -41.924321326053544, -40.9480212340276, -44.867297467682185, -41.31136185274992, -41.06876826488828, -46.21274647511688, -41.18988136406159, -43.05140209805388, -60.110870453384564, -45.65171376636542, -44.61343281217073, -43.85020087186503, -43.47347735530031, -43.09997583089858, -43.85020087186503, -38.4129390658588, -40.10869645707602, -41.5179643979535, -40.80733450315961, -41.998501823871784, -40.80733450315961, -43.09997583089858, -42.119494647464194, -46.04724938103479, -42.48455159502589, -42.24083312901246, -47.390515528423315, -42.36251840122698, -44.23017618023367, -56.60796700194169, -41.73354134541312, -40.70428065924788, -39.950907294289266, -39.580050580982395, -39.213015036437646, -39.950907294289266, -34.66083622298373, -36.296491663040676, -37.66549453709617, -36.97405663539531, -38.134347341749525, -36.97405663539531, -39.213015036437646, -38.2525635429347, -42.126981286485446, -38.609647865519214, -38.37118450566003, -43.46869481671511, -38.49021201657204, -40.32563425089181]"
8_1,6.156338355592751,[nan],[nan]
9_1,7.076193670196676,[nan],[nan]
